first_name,last_name,dob,address,cif_code
Ishaan,Das,1970-06-11,"444, Indiranagar, Hyderabad",CIF929015
Krishna,Iyer,1991-09-05,"112, Indiranagar, Bangalore",CIF310074
Rohan,Gupta,1991-11-20,"265, Indiranagar, Hyderabad",CIF846071
Aarav,Gupta,1993-02-09,"488, HSR Layout, Mumbai",CIF315292
Vivaan,Nair,1998-01-03,"165, Indiranagar, Bangalore",CIF126291
Rohan,Patel,2002-02-23,"904, HSR Layout, Mumbai",CIF835653
Vihaan,Reddy,1984-01-05,"616, Brigade Road, Chennai",CIF322439
Vihaan,Reddy,1977-07-13,"564, BTM Layout, Delhi",CIF897534
Aditya,Singh,1977-03-09,"69, Brigade Road, Bangalore",CIF989019
Aditya,Mehta,1977-09-23,"90, BTM Layout, Delhi",CIF885831
Aarav,Reddy,1985-02-20,"348, HSR Layout, Chennai",CIF247641
Ishaan,Singh,2000-12-26,"35, Brigade Road, Mumbai",CIF804024
Reyansh,Gupta,2003-10-29,"573, MG Road, Chennai",CIF415227
Rohan,Gupta,1973-08-27,"602, Brigade Road, Mumbai",CIF362242
Aditya,Verma,1993-04-30,"180, MG Road, Hyderabad",CIF934457
Ishaan,Mehta,1981-11-26,"778, Whitefield, Bangalore",CIF969802
Krishna,Patel,1979-01-02,"217, BTM Layout, Mumbai",CIF769349
Vihaan,Das,1976-06-25,"234, BTM Layout, Mumbai",CIF939402
Aditya,Mehta,1991-05-07,"140, HSR Layout, Bangalore",CIF868729
Vivaan,Singh,1998-11-30,"968, MG Road, Delhi",CIF192851
Rohan,Verma,2000-07-13,"679, Whitefield, Hyderabad",CIF105636
Rohan,Singh,1972-06-16,"339, BTM Layout, Mumbai",CIF210227
Rohan,Gupta,1993-06-28,"835, Brigade Road, Hyderabad",CIF478124
Vivaan,Verma,1989-10-14,"545, Brigade Road, Bangalore",CIF908586
Ishaan,Gupta,1975-05-23,"627, MG Road, Hyderabad",CIF313779
Ishaan,Das,1985-08-27,"754, HSR Layout, Mumbai",CIF857965
Sai,Gupta,1972-04-05,"430, Whitefield, Chennai",CIF890829
Aarav,Mehta,1974-04-26,"775, Brigade Road, Mumbai",CIF140560
Vivaan,Singh,1984-07-15,"875, MG Road, Chennai",CIF991582
Vihaan,Verma,1987-09-26,"159, Brigade Road, Mumbai",CIF831306
Vihaan,Sharma,1990-02-20,"149, MG Road, Hyderabad",CIF403264
Aarav,Patel,1997-01-25,"429, MG Road, Bangalore",CIF923504
Rohan,Iyer,2000-07-08,"682, Indiranagar, Mumbai",CIF563428
Vivaan,Sharma,1974-01-18,"314, Indiranagar, Chennai",CIF186614
Reyansh,Verma,1998-10-22,"811, Whitefield, Bangalore",CIF227880
Krishna,Singh,1998-09-07,"200, BTM Layout, Mumbai",CIF945155
Aditya,Verma,2004-02-26,"253, Whitefield, Delhi",CIF460298
Vivaan,Mehta,1999-12-17,"825, Indiranagar, Delhi",CIF851970
Aditya,Iyer,2004-07-14,"44, Indiranagar, Chennai",CIF274890
Aditya,Gupta,1984-08-30,"484, MG Road, Bangalore",CIF393577
Reyansh,Iyer,1980-05-22,"31, Whitefield, Bangalore",CIF925505
Vihaan,Sharma,1993-12-12,"131, Whitefield, Delhi",CIF964804
Sai,Patel,2001-11-05,"670, Indiranagar, Bangalore",CIF932909
Aditya,Iyer,1978-06-30,"441, HSR Layout, Delhi",CIF909641
Vihaan,Verma,1986-03-10,"694, Whitefield, Bangalore",CIF133763
Reyansh,Patel,1974-08-07,"898, Brigade Road, Delhi",CIF710894
Krishna,Verma,1978-03-02,"294, Indiranagar, Chennai",CIF736100
Reyansh,Verma,1986-11-13,"630, BTM Layout, Mumbai",CIF574954
Vihaan,Mehta,1984-07-28,"951, MG Road, Mumbai",CIF682061
Ishaan,Verma,2004-05-29,"236, Brigade Road, Delhi",CIF800244
Aditya,Singh,1988-03-06,"793, BTM Layout, Mumbai",CIF644080
Reyansh,Mehta,1972-12-29,"451, Whitefield, Chennai",CIF289566
Reyansh,Das,1986-02-20,"292, BTM Layout, Bangalore",CIF524210
Aarav,Verma,1976-07-06,"523, HSR Layout, Mumbai",CIF651563
Vihaan,Mehta,1988-08-09,"927, HSR Layout, Hyderabad",CIF844913
Ishaan,Mehta,1975-08-07,"178, BTM Layout, Delhi",CIF851806
Aarav,Verma,1972-09-16,"524, Brigade Road, Mumbai",CIF796665
Sai,Das,1988-05-16,"766, Whitefield, Delhi",CIF150704
Rohan,Verma,1995-05-30,"97, BTM Layout, Hyderabad",CIF303701
Aarav,Iyer,2003-04-08,"265, Brigade Road, Hyderabad",CIF368164
Aditya,Singh,1987-08-12,"775, MG Road, Chennai",CIF336791
Aditya,Iyer,1995-10-26,"332, BTM Layout, Bangalore",CIF466451
Arjun,Singh,1995-08-17,"810, HSR Layout, Hyderabad",CIF485428
Vihaan,Singh,1997-05-03,"965, HSR Layout, Mumbai",CIF608377
Ishaan,Sharma,1970-03-15,"195, BTM Layout, Mumbai",CIF683028
Reyansh,Sharma,1976-04-23,"703, Indiranagar, Hyderabad",CIF918662
Arjun,Das,1971-09-26,"324, Indiranagar, Delhi",CIF244323
Ishaan,Gupta,1983-07-07,"460, BTM Layout, Hyderabad",CIF697179
Aditya,Singh,1977-06-25,"670, Indiranagar, Delhi",CIF125704
Reyansh,Reddy,1993-12-20,"500, MG Road, Chennai",CIF229676
Aarav,Das,2003-11-29,"777, Indiranagar, Bangalore",CIF238491
Vihaan,Singh,1996-11-25,"304, Indiranagar, Bangalore",CIF191976
Vihaan,Mehta,1983-08-22,"526, Whitefield, Bangalore",CIF322142
Krishna,Reddy,1978-08-03,"175, BTM Layout, Bangalore",CIF739085
Vivaan,Singh,1981-05-22,"154, Indiranagar, Bangalore",CIF558644
Aditya,Singh,1975-04-25,"993, MG Road, Chennai",CIF520524
Sai,Gupta,1973-07-08,"37, Whitefield, Hyderabad",CIF256047
Sai,Nair,1993-05-22,"490, Brigade Road, Mumbai",CIF302717
Vihaan,Iyer,2005-11-21,"597, Brigade Road, Hyderabad",CIF916743
Aarav,Das,1992-01-01,"637, Brigade Road, Mumbai",CIF218641
Arjun,Singh,2002-04-18,"960, Indiranagar, Delhi",CIF852658
Reyansh,Mehta,1989-12-15,"953, Whitefield, Mumbai",CIF665537
Sai,Mehta,1980-04-07,"882, MG Road, Hyderabad",CIF759457
Aarav,Sharma,1974-11-22,"873, Indiranagar, Hyderabad",CIF434108
Rohan,Mehta,1981-10-18,"960, Brigade Road, Mumbai",CIF507474
Aditya,Nair,1980-03-27,"963, Whitefield, Mumbai",CIF491755
Rohan,Singh,1981-10-28,"83, BTM Layout, Hyderabad",CIF151883
Arjun,Das,1973-05-02,"740, HSR Layout, Chennai",CIF654217
Arjun,Das,2002-05-11,"744, Whitefield, Bangalore",CIF797561
Aditya,Iyer,1991-11-24,"674, MG Road, Bangalore",CIF534833
Sai,Nair,2002-04-17,"116, Indiranagar, Mumbai",CIF955895
Reyansh,Mehta,1976-07-25,"31, Whitefield, Hyderabad",CIF512841
Sai,Nair,1970-07-15,"813, Brigade Road, Mumbai",CIF332021
Sai,Mehta,1997-06-08,"978, MG Road, Bangalore",CIF919596
Reyansh,Singh,2005-03-18,"919, MG Road, Bangalore",CIF131836
Aarav,Gupta,2005-01-24,"66, Brigade Road, Delhi",CIF250199
Arjun,Das,1971-02-05,"476, HSR Layout, Mumbai",CIF890433
Aarav,Verma,1980-05-30,"584, BTM Layout, Chennai",CIF908375
Rohan,Reddy,1999-08-19,"852, Brigade Road, Mumbai",CIF905479
Vivaan,Reddy,1971-06-28,"225, HSR Layout, Bangalore",CIF752500
Vihaan,Sharma,2002-07-28,"163, HSR Layout, Delhi",CIF268914
Arjun,Nair,1973-03-07,"614, HSR Layout, Mumbai",CIF262839
Aarav,Mehta,1984-11-22,"753, BTM Layout, Bangalore",CIF797840
Reyansh,Das,1990-07-16,"49, Whitefield, Bangalore",CIF843786
Arjun,Singh,1988-01-18,"222, MG Road, Hyderabad",CIF355376
Vivaan,Nair,1998-08-01,"548, Whitefield, Delhi",CIF521013
Aarav,Nair,1990-04-17,"319, BTM Layout, Bangalore",CIF909658
Ishaan,Gupta,1970-02-27,"850, HSR Layout, Bangalore",CIF125694
Aditya,Mehta,1990-11-28,"765, Whitefield, Hyderabad",CIF412373
Reyansh,Verma,1990-11-21,"554, MG Road, Hyderabad",CIF486146
Vihaan,Sharma,1992-06-25,"720, Indiranagar, Bangalore",CIF680389
Sai,Das,1995-05-19,"769, HSR Layout, Hyderabad",CIF680228
Arjun,Mehta,1982-05-17,"768, Whitefield, Mumbai",CIF290624
Ishaan,Verma,1986-01-19,"242, MG Road, Mumbai",CIF265914
Aarav,Das,1975-12-20,"238, MG Road, Hyderabad",CIF359139
Sai,Nair,1987-06-15,"508, MG Road, Chennai",CIF580962
Aditya,Reddy,1979-05-05,"718, BTM Layout, Hyderabad",CIF253447
Aditya,Sharma,1996-10-02,"730, Whitefield, Hyderabad",CIF872131
Aditya,Patel,1973-02-16,"874, Whitefield, Delhi",CIF219765
Rohan,Mehta,1996-05-18,"893, Brigade Road, Chennai",CIF926697
Reyansh,Iyer,1983-01-31,"355, Indiranagar, Chennai",CIF833947
Ishaan,Iyer,1987-05-06,"569, Indiranagar, Bangalore",CIF676222
Vihaan,Mehta,1992-09-14,"195, MG Road, Hyderabad",CIF801787
Ishaan,Sharma,1996-11-21,"445, BTM Layout, Delhi",CIF695771
Aarav,Sharma,1975-02-13,"581, HSR Layout, Mumbai",CIF730136
Vihaan,Gupta,1978-05-13,"971, MG Road, Mumbai",CIF199831
Sai,Patel,1993-01-31,"570, Whitefield, Chennai",CIF743049
Aditya,Singh,1977-06-03,"903, Brigade Road, Chennai",CIF947643
Vihaan,Iyer,2001-01-24,"965, BTM Layout, Bangalore",CIF380961
Vivaan,Das,2000-10-28,"194, Indiranagar, Mumbai",CIF695700
Rohan,Verma,1982-06-22,"294, Whitefield, Mumbai",CIF408190
Aarav,Das,2002-08-04,"39, BTM Layout, Delhi",CIF434469
Ishaan,Das,1975-11-13,"668, HSR Layout, Chennai",CIF589147
Ishaan,Sharma,1988-10-02,"872, Whitefield, Hyderabad",CIF450011
Arjun,Mehta,1988-05-09,"864, Indiranagar, Chennai",CIF934609
Aarav,Iyer,1990-12-08,"498, Brigade Road, Mumbai",CIF768122
Arjun,Gupta,1974-05-28,"652, Brigade Road, Delhi",CIF101913
Vihaan,Verma,1984-09-21,"779, BTM Layout, Chennai",CIF445990
Reyansh,Nair,1986-01-14,"442, Indiranagar, Mumbai",CIF321522
Aarav,Verma,1997-02-25,"314, Whitefield, Delhi",CIF335593
Vivaan,Sharma,2003-04-01,"356, Brigade Road, Bangalore",CIF849474
Sai,Mehta,1976-09-02,"480, BTM Layout, Chennai",CIF182974
Sai,Mehta,1989-09-13,"966, HSR Layout, Bangalore",CIF764706
Vivaan,Nair,1999-08-12,"563, HSR Layout, Chennai",CIF526694
Sai,Sharma,1992-10-07,"433, Indiranagar, Mumbai",CIF259058
Ishaan,Das,1995-06-04,"349, MG Road, Hyderabad",CIF485226
Arjun,Iyer,1993-06-29,"883, HSR Layout, Mumbai",CIF218796
Reyansh,Mehta,1974-09-26,"144, MG Road, Mumbai",CIF608583
Vihaan,Patel,1996-12-31,"796, HSR Layout, Delhi",CIF300622
Krishna,Reddy,1974-02-24,"919, HSR Layout, Chennai",CIF211111
Ishaan,Patel,2003-12-20,"957, Brigade Road, Bangalore",CIF481480
Vihaan,Verma,1995-06-21,"709, BTM Layout, Delhi",CIF227844
Vivaan,Patel,1977-10-05,"764, Brigade Road, Hyderabad",CIF820230
Sai,Gupta,2005-07-25,"825, Whitefield, Mumbai",CIF948742
Aarav,Singh,1990-03-01,"973, Brigade Road, Mumbai",CIF785656
Ishaan,Mehta,1970-06-15,"397, BTM Layout, Chennai",CIF122535
Krishna,Singh,1970-11-22,"948, Brigade Road, Delhi",CIF692720
Vivaan,Gupta,1995-03-21,"188, Brigade Road, Bangalore",CIF921910
Arjun,Das,1984-03-10,"134, Whitefield, Delhi",CIF361262
Vihaan,Singh,1987-03-06,"756, Whitefield, Delhi",CIF835321
Arjun,Iyer,1971-12-29,"374, HSR Layout, Mumbai",CIF714210
Aditya,Nair,2001-09-13,"427, BTM Layout, Chennai",CIF835721
Rohan,Reddy,1996-05-28,"214, Indiranagar, Hyderabad",CIF573448
Vivaan,Patel,1974-01-29,"411, Whitefield, Mumbai",CIF385101
Vihaan,Das,1998-09-02,"380, BTM Layout, Bangalore",CIF601389
Vivaan,Reddy,1997-11-23,"255, Indiranagar, Delhi",CIF961333
Ishaan,Iyer,2001-12-07,"477, MG Road, Hyderabad",CIF383308
Ishaan,Sharma,1999-12-27,"682, Brigade Road, Hyderabad",CIF802484
Aditya,Mehta,1979-10-17,"688, HSR Layout, Delhi",CIF606151
Sai,Mehta,1984-05-21,"75, HSR Layout, Hyderabad",CIF183461
Rohan,Iyer,1988-05-09,"864, MG Road, Mumbai",CIF819696
Reyansh,Reddy,1998-09-21,"319, Brigade Road, Chennai",CIF295979
Vihaan,Das,1993-03-07,"257, BTM Layout, Mumbai",CIF390792
Arjun,Singh,1974-06-22,"963, Whitefield, Hyderabad",CIF247182
Krishna,Mehta,1980-07-06,"227, Whitefield, Hyderabad",CIF399310
Krishna,Verma,1988-11-04,"366, MG Road, Delhi",CIF744716
Rohan,Singh,1985-02-08,"627, MG Road, Bangalore",CIF777529
Krishna,Nair,1995-03-23,"737, Indiranagar, Hyderabad",CIF210243
Aarav,Mehta,1971-03-23,"746, HSR Layout, Delhi",CIF774530
Rohan,Singh,1981-02-13,"145, Indiranagar, Chennai",CIF939560
Vihaan,Gupta,2003-06-12,"445, BTM Layout, Mumbai",CIF141428
Ishaan,Das,1986-04-25,"69, BTM Layout, Chennai",CIF934095
Vihaan,Verma,1994-01-14,"362, MG Road, Delhi",CIF230900
Rohan,Verma,1989-06-15,"25, HSR Layout, Hyderabad",CIF573375
Aditya,Sharma,1983-07-15,"894, Indiranagar, Hyderabad",CIF322419
Ishaan,Singh,1991-01-17,"228, Brigade Road, Bangalore",CIF902041
Arjun,Singh,1988-09-05,"66, HSR Layout, Delhi",CIF890462
Arjun,Reddy,1993-10-16,"188, HSR Layout, Bangalore",CIF484397
Ishaan,Nair,1976-02-26,"990, BTM Layout, Mumbai",CIF822139
Reyansh,Verma,1971-02-16,"243, Whitefield, Mumbai",CIF503488
Rohan,Mehta,1981-02-16,"956, MG Road, Hyderabad",CIF687297
Aditya,Patel,1979-01-29,"829, Brigade Road, Delhi",CIF664375
Krishna,Nair,1987-03-04,"519, Indiranagar, Mumbai",CIF417306
Reyansh,Verma,2000-09-13,"673, BTM Layout, Mumbai",CIF807783
Arjun,Sharma,1998-03-18,"558, MG Road, Delhi",CIF884216
Rohan,Gupta,1998-04-23,"203, HSR Layout, Hyderabad",CIF484313
Arjun,Mehta,1973-06-07,"673, HSR Layout, Chennai",CIF326911
Ishaan,Mehta,1999-03-27,"327, HSR Layout, Hyderabad",CIF348150
Rohan,Gupta,1974-09-13,"393, HSR Layout, Mumbai",CIF368237
Vihaan,Das,1995-03-03,"539, HSR Layout, Mumbai",CIF688161
Aditya,Mehta,1981-08-14,"842, HSR Layout, Delhi",CIF841901
Aditya,Patel,1974-05-10,"310, Brigade Road, Mumbai",CIF445686
Krishna,Nair,1999-04-13,"517, Indiranagar, Chennai",CIF178753
Rohan,Das,1988-02-11,"331, BTM Layout, Chennai",CIF183655
Sai,Singh,2004-10-08,"634, Indiranagar, Bangalore",CIF454081
Rohan,Nair,1987-12-25,"293, Indiranagar, Mumbai",CIF534195
Ishaan,Das,1971-11-18,"351, HSR Layout, Chennai",CIF456573
Reyansh,Gupta,1975-03-21,"276, Brigade Road, Bangalore",CIF242962
Krishna,Singh,1999-06-01,"335, Brigade Road, Bangalore",CIF450924
Reyansh,Sharma,1975-02-04,"433, Whitefield, Hyderabad",CIF960073
Aditya,Mehta,1994-08-02,"31, Whitefield, Bangalore",CIF426030
Arjun,Das,1979-09-08,"319, HSR Layout, Delhi",CIF564090
Aarav,Mehta,1980-03-22,"456, Indiranagar, Delhi",CIF377794
Rohan,Mehta,1971-01-09,"164, BTM Layout, Bangalore",CIF986752
Ishaan,Nair,2003-07-02,"198, Brigade Road, Bangalore",CIF625684
Ishaan,Iyer,2004-12-06,"58, Whitefield, Bangalore",CIF267436
Sai,Iyer,1997-07-07,"623, HSR Layout, Bangalore",CIF987177
Rohan,Reddy,2000-07-25,"579, Indiranagar, Delhi",CIF311289
Aditya,Nair,1989-04-26,"313, BTM Layout, Hyderabad",CIF949746
Arjun,Patel,1978-04-11,"618, MG Road, Mumbai",CIF995000
Arjun,Mehta,1973-05-09,"466, BTM Layout, Hyderabad",CIF126827
Aarav,Sharma,1976-04-25,"764, BTM Layout, Delhi",CIF592596
Aditya,Verma,1986-08-16,"157, Whitefield, Hyderabad",CIF494005
Aarav,Nair,1975-01-20,"412, MG Road, Bangalore",CIF191037
Ishaan,Verma,1972-04-17,"80, MG Road, Hyderabad",CIF679812
Rohan,Patel,1976-03-30,"828, MG Road, Hyderabad",CIF710722
Aarav,Mehta,1995-07-25,"972, Brigade Road, Chennai",CIF266175
Vivaan,Patel,1998-06-09,"113, HSR Layout, Hyderabad",CIF398961
Sai,Sharma,1994-12-21,"631, BTM Layout, Chennai",CIF208456
Arjun,Nair,1999-04-05,"34, MG Road, Delhi",CIF567449
Sai,Verma,1995-09-20,"605, Indiranagar, Bangalore",CIF426051
Ishaan,Nair,1971-05-22,"665, Brigade Road, Delhi",CIF179517
Arjun,Das,2004-02-07,"688, HSR Layout, Mumbai",CIF576954
Arjun,Das,1981-09-01,"342, BTM Layout, Chennai",CIF892618
Vihaan,Iyer,1970-09-14,"288, HSR Layout, Bangalore",CIF736592
Aditya,Sharma,1984-02-06,"978, MG Road, Delhi",CIF267786
Reyansh,Iyer,1978-01-05,"384, Whitefield, Bangalore",CIF756236
Krishna,Nair,1983-07-06,"924, HSR Layout, Bangalore",CIF869575
Ishaan,Iyer,1987-09-29,"104, HSR Layout, Bangalore",CIF222276
Krishna,Reddy,1990-03-14,"539, HSR Layout, Bangalore",CIF389475
Arjun,Mehta,1975-12-11,"282, Brigade Road, Mumbai",CIF499270
Rohan,Mehta,1999-04-04,"287, BTM Layout, Bangalore",CIF668105
Aditya,Mehta,1979-04-27,"863, Whitefield, Mumbai",CIF889200
Rohan,Gupta,2005-08-31,"240, HSR Layout, Mumbai",CIF897634
Aditya,Verma,1976-11-02,"406, HSR Layout, Bangalore",CIF986104
Sai,Das,1981-01-25,"994, Whitefield, Mumbai",CIF127482
Aarav,Gupta,1985-09-04,"515, HSR Layout, Chennai",CIF127379
Rohan,Gupta,1999-02-08,"573, Whitefield, Chennai",CIF663486
Aarav,Reddy,1978-05-26,"898, MG Road, Chennai",CIF314043
Ishaan,Nair,1975-06-18,"331, Brigade Road, Delhi",CIF937910
Aditya,Sharma,1992-10-12,"263, Brigade Road, Delhi",CIF687314
Sai,Reddy,1973-03-27,"488, BTM Layout, Delhi",CIF248498
Rohan,Iyer,1997-02-28,"167, HSR Layout, Mumbai",CIF884353
Vivaan,Verma,1976-07-02,"504, Whitefield, Bangalore",CIF133373
Ishaan,Reddy,2004-12-12,"444, Brigade Road, Chennai",CIF460634
Ishaan,Gupta,1991-04-01,"46, HSR Layout, Mumbai",CIF477122
Krishna,Iyer,1984-03-23,"985, BTM Layout, Bangalore",CIF328077
Sai,Mehta,1997-05-08,"184, Indiranagar, Delhi",CIF536202
Vihaan,Singh,1971-03-11,"878, HSR Layout, Chennai",CIF255944
Aditya,Sharma,2004-09-03,"869, Brigade Road, Bangalore",CIF457037
Vivaan,Singh,2003-05-21,"56, HSR Layout, Bangalore",CIF232388
Krishna,Gupta,1997-07-02,"44, HSR Layout, Bangalore",CIF688900
Sai,Reddy,1990-11-26,"104, Indiranagar, Mumbai",CIF352862
Rohan,Singh,1981-08-24,"219, MG Road, Hyderabad",CIF934006
Reyansh,Sharma,2004-01-10,"479, MG Road, Delhi",CIF355949
Krishna,Sharma,1984-12-12,"977, Brigade Road, Delhi",CIF679564
Sai,Singh,1986-02-27,"348, MG Road, Mumbai",CIF461819
Aarav,Gupta,1981-06-27,"88, MG Road, Bangalore",CIF556825
Vivaan,Reddy,1970-04-20,"867, Indiranagar, Bangalore",CIF403134
Reyansh,Iyer,1987-08-19,"586, BTM Layout, Hyderabad",CIF806122
Vihaan,Das,2003-11-24,"646, BTM Layout, Bangalore",CIF621234
Krishna,Verma,2004-11-08,"197, Indiranagar, Mumbai",CIF141309
Ishaan,Das,1978-03-07,"617, MG Road, Delhi",CIF977843
Aarav,Nair,1984-10-04,"449, Whitefield, Bangalore",CIF344201
Arjun,Sharma,1994-12-07,"78, Indiranagar, Bangalore",CIF331316
Rohan,Gupta,1980-03-06,"879, Indiranagar, Bangalore",CIF195946
Vihaan,Reddy,1983-11-12,"618, MG Road, Mumbai",CIF167258
Krishna,Singh,1990-06-22,"198, BTM Layout, Mumbai",CIF121785
Arjun,Nair,2002-07-10,"506, Brigade Road, Mumbai",CIF820146
Arjun,Iyer,2005-02-23,"952, Whitefield, Mumbai",CIF818494
Krishna,Gupta,1995-02-26,"417, Indiranagar, Bangalore",CIF306537
Vivaan,Nair,1976-09-23,"65, HSR Layout, Bangalore",CIF290136
Vivaan,Iyer,1995-11-21,"965, HSR Layout, Hyderabad",CIF935094
Arjun,Singh,1984-04-19,"453, Brigade Road, Mumbai",CIF334532
Vivaan,Das,1992-08-16,"116, Whitefield, Delhi",CIF245542
Aditya,Das,1987-04-09,"754, Indiranagar, Delhi",CIF671819
Vihaan,Verma,1995-05-22,"99, Whitefield, Delhi",CIF189342
Krishna,Iyer,2003-04-01,"441, BTM Layout, Mumbai",CIF259739
Krishna,Iyer,1981-11-24,"995, Whitefield, Mumbai",CIF726004
Vihaan,Iyer,1977-11-19,"902, Whitefield, Hyderabad",CIF416406
Aarav,Verma,1972-06-04,"494, Brigade Road, Chennai",CIF265401
Rohan,Gupta,1977-11-20,"922, HSR Layout, Bangalore",CIF921809
Reyansh,Patel,2005-02-19,"792, BTM Layout, Chennai",CIF130699
Krishna,Iyer,1984-01-26,"266, BTM Layout, Bangalore",CIF233066
Krishna,Gupta,1990-11-28,"311, Indiranagar, Mumbai",CIF478855
Aarav,Patel,1980-02-19,"763, Brigade Road, Bangalore",CIF498464
Ishaan,Gupta,1974-10-01,"190, Whitefield, Delhi",CIF193482
Sai,Sharma,1971-05-10,"530, Indiranagar, Bangalore",CIF524304
Vihaan,Iyer,2002-10-08,"467, BTM Layout, Hyderabad",CIF344852
Arjun,Mehta,1996-04-19,"446, HSR Layout, Bangalore",CIF523205
Krishna,Iyer,1992-02-16,"262, BTM Layout, Chennai",CIF157535
Aarav,Reddy,1993-07-08,"622, MG Road, Delhi",CIF516499
Reyansh,Gupta,1980-08-02,"369, Indiranagar, Delhi",CIF281390
Krishna,Reddy,1985-01-10,"138, Whitefield, Delhi",CIF831160
Aditya,Verma,1981-04-08,"372, HSR Layout, Bangalore",CIF470388
Reyansh,Singh,1985-12-22,"301, MG Road, Bangalore",CIF404161
Aditya,Reddy,1999-07-04,"332, BTM Layout, Bangalore",CIF865624
Krishna,Verma,1980-06-14,"988, Whitefield, Hyderabad",CIF379204
Reyansh,Mehta,2000-05-08,"329, HSR Layout, Bangalore",CIF223148
Reyansh,Gupta,1988-05-05,"205, Brigade Road, Mumbai",CIF409928
Vihaan,Singh,1978-08-21,"606, BTM Layout, Mumbai",CIF849668
Aditya,Iyer,1978-02-23,"462, BTM Layout, Bangalore",CIF566304
Rohan,Patel,1974-06-15,"589, Brigade Road, Delhi",CIF606939
Sai,Iyer,1990-12-27,"532, HSR Layout, Mumbai",CIF989828
Krishna,Singh,1983-08-08,"169, Indiranagar, Chennai",CIF276459
Krishna,Gupta,1989-01-02,"188, MG Road, Bangalore",CIF696788
Sai,Singh,1991-11-03,"118, Whitefield, Bangalore",CIF773269
Sai,Gupta,1971-05-06,"656, BTM Layout, Delhi",CIF756509
Aarav,Mehta,1973-05-26,"611, Brigade Road, Delhi",CIF929091
Arjun,Gupta,1976-05-27,"969, Whitefield, Mumbai",CIF523128
Arjun,Reddy,1987-07-26,"900, MG Road, Delhi",CIF989234
Krishna,Patel,2005-04-09,"174, Whitefield, Hyderabad",CIF164080
Reyansh,Iyer,1974-04-16,"95, Indiranagar, Chennai",CIF210362
Krishna,Das,1978-06-20,"283, Whitefield, Bangalore",CIF653888
Aarav,Mehta,1978-09-15,"104, HSR Layout, Chennai",CIF924089
Aditya,Singh,1984-10-19,"648, Indiranagar, Chennai",CIF212827
Reyansh,Mehta,1981-03-01,"347, BTM Layout, Delhi",CIF906438
Vivaan,Reddy,1973-11-26,"221, MG Road, Mumbai",CIF609918
Vihaan,Iyer,1978-10-20,"139, Indiranagar, Delhi",CIF565552
Sai,Patel,1973-08-16,"208, BTM Layout, Hyderabad",CIF643736
Reyansh,Das,1990-07-17,"398, MG Road, Bangalore",CIF504142
Vihaan,Das,1983-04-05,"25, Indiranagar, Delhi",CIF219051
Krishna,Singh,1972-01-19,"325, MG Road, Chennai",CIF646614
Vivaan,Nair,1997-04-08,"132, HSR Layout, Hyderabad",CIF415008
Vihaan,Gupta,1992-09-07,"286, Whitefield, Bangalore",CIF385079
Aditya,Verma,2002-04-09,"826, Whitefield, Delhi",CIF887982
Aarav,Iyer,1982-03-19,"519, BTM Layout, Hyderabad",CIF992808
Reyansh,Reddy,1984-10-28,"585, Whitefield, Delhi",CIF345558
Vivaan,Patel,1998-10-02,"321, Whitefield, Chennai",CIF666860
Aditya,Sharma,1973-03-10,"333, BTM Layout, Bangalore",CIF458368
Ishaan,Singh,1995-10-02,"97, Whitefield, Mumbai",CIF799637
Aditya,Sharma,2005-07-14,"106, HSR Layout, Mumbai",CIF850180
Sai,Nair,1974-06-28,"663, HSR Layout, Chennai",CIF459997
Reyansh,Singh,1989-09-15,"174, MG Road, Hyderabad",CIF207757
Arjun,Iyer,1989-11-10,"948, Indiranagar, Chennai",CIF377710
Ishaan,Mehta,1977-11-27,"608, Indiranagar, Mumbai",CIF990222
Ishaan,Singh,1992-01-30,"743, BTM Layout, Bangalore",CIF215607
Sai,Gupta,1993-04-28,"422, Indiranagar, Chennai",CIF797251
Aarav,Patel,1989-07-04,"609, Brigade Road, Hyderabad",CIF356084
Vivaan,Nair,1983-02-16,"709, Brigade Road, Chennai",CIF783856
Arjun,Reddy,1987-01-01,"304, BTM Layout, Chennai",CIF273125
Vihaan,Das,1996-04-04,"957, Brigade Road, Hyderabad",CIF963104
Vivaan,Nair,1990-07-30,"701, HSR Layout, Bangalore",CIF371921
Sai,Sharma,1994-07-12,"672, BTM Layout, Hyderabad",CIF755659
Vihaan,Verma,1977-06-26,"508, MG Road, Hyderabad",CIF578786
Vihaan,Das,1986-08-02,"898, MG Road, Hyderabad",CIF969715
Rohan,Das,1998-11-26,"347, Brigade Road, Chennai",CIF736829
Reyansh,Gupta,1982-12-24,"166, MG Road, Delhi",CIF203186
Rohan,Reddy,1976-03-29,"613, HSR Layout, Hyderabad",CIF685877
Rohan,Singh,1970-10-19,"488, Whitefield, Delhi",CIF711546
Rohan,Singh,1981-04-15,"870, Indiranagar, Delhi",CIF413670
Rohan,Verma,1997-09-30,"281, Indiranagar, Chennai",CIF226740
Reyansh,Reddy,1980-10-08,"517, HSR Layout, Delhi",CIF210668
Vihaan,Iyer,1997-03-01,"84, MG Road, Bangalore",CIF833850
Aarav,Verma,2001-08-07,"734, BTM Layout, Delhi",CIF227223
Sai,Verma,2005-08-26,"104, BTM Layout, Delhi",CIF562963
Sai,Das,1975-03-15,"883, MG Road, Chennai",CIF159391
Krishna,Gupta,1994-06-29,"369, MG Road, Mumbai",CIF680868
Sai,Sharma,1981-03-27,"375, MG Road, Mumbai",CIF540126
Ishaan,Mehta,1974-04-09,"11, Indiranagar, Hyderabad",CIF552670
Arjun,Das,2000-11-09,"294, HSR Layout, Hyderabad",CIF264623
Krishna,Reddy,2001-08-28,"91, BTM Layout, Bangalore",CIF471810
Vihaan,Nair,1972-10-01,"518, Whitefield, Bangalore",CIF318640
Krishna,Mehta,2005-12-24,"242, Whitefield, Hyderabad",CIF507735
Arjun,Singh,2005-10-05,"43, MG Road, Delhi",CIF659897
Krishna,Mehta,2003-10-17,"319, HSR Layout, Delhi",CIF102701
Vihaan,Gupta,1989-10-23,"734, Indiranagar, Hyderabad",CIF871617
Rohan,Das,1971-03-30,"968, Brigade Road, Bangalore",CIF923376
Sai,Reddy,1987-07-06,"562, BTM Layout, Chennai",CIF434084
Vivaan,Singh,1986-12-05,"999, Whitefield, Mumbai",CIF223968
Reyansh,Mehta,1988-03-15,"302, BTM Layout, Chennai",CIF229663
Aarav,Gupta,1976-07-18,"705, Indiranagar, Mumbai",CIF616725
Arjun,Singh,1985-06-15,"818, BTM Layout, Hyderabad",CIF675322
Reyansh,Sharma,2005-04-04,"399, BTM Layout, Delhi",CIF605912
Vihaan,Nair,2002-05-22,"78, MG Road, Mumbai",CIF944854
Aditya,Mehta,1976-08-29,"326, Indiranagar, Chennai",CIF812330
Arjun,Sharma,2003-05-23,"55, MG Road, Chennai",CIF562376
Krishna,Iyer,1999-08-24,"690, Indiranagar, Hyderabad",CIF262604
Vivaan,Singh,2001-08-04,"206, Brigade Road, Hyderabad",CIF969647
Aditya,Sharma,2001-07-29,"780, BTM Layout, Delhi",CIF249271
Vivaan,Patel,1986-04-27,"33, Indiranagar, Hyderabad",CIF493040
Reyansh,Das,1976-09-08,"193, HSR Layout, Hyderabad",CIF770226
Aditya,Mehta,1995-01-04,"967, Brigade Road, Hyderabad",CIF540879
Aditya,Das,1976-07-09,"739, Indiranagar, Mumbai",CIF622845
Aarav,Mehta,1979-12-01,"680, Whitefield, Chennai",CIF260623
Ishaan,Sharma,1986-10-30,"334, Indiranagar, Chennai",CIF798357
Vivaan,Singh,2002-10-02,"81, Brigade Road, Chennai",CIF911695
Ishaan,Nair,1979-01-30,"550, BTM Layout, Bangalore",CIF909430
Vihaan,Verma,1991-04-27,"661, Whitefield, Chennai",CIF282790
Aditya,Reddy,1987-10-07,"561, Brigade Road, Hyderabad",CIF156251
Vihaan,Nair,1970-02-13,"655, Indiranagar, Chennai",CIF298921
Arjun,Das,1989-01-21,"747, MG Road, Delhi",CIF243304
Aarav,Iyer,2004-08-05,"919, Brigade Road, Delhi",CIF504570
Rohan,Mehta,1982-06-01,"691, Indiranagar, Hyderabad",CIF367075
Aarav,Patel,2000-04-17,"985, Brigade Road, Bangalore",CIF322928
Aditya,Mehta,1985-05-14,"10, HSR Layout, Bangalore",CIF123244
Ishaan,Mehta,1970-09-14,"762, Indiranagar, Chennai",CIF596191
Ishaan,Nair,1990-07-05,"780, Indiranagar, Hyderabad",CIF987129
Rohan,Sharma,1982-02-22,"773, Indiranagar, Mumbai",CIF852422
Reyansh,Sharma,2001-12-14,"690, MG Road, Bangalore",CIF856310
Rohan,Singh,1975-05-14,"915, MG Road, Hyderabad",CIF997854
Reyansh,Verma,1984-05-22,"822, HSR Layout, Bangalore",CIF772508
Aarav,Sharma,1991-06-14,"92, HSR Layout, Bangalore",CIF792030
Aditya,Iyer,1971-06-04,"253, Whitefield, Bangalore",CIF672301
Arjun,Mehta,1978-11-30,"429, MG Road, Bangalore",CIF552807
Arjun,Mehta,1991-05-18,"760, Indiranagar, Delhi",CIF362661
Sai,Nair,1989-11-02,"74, MG Road, Chennai",CIF239640
Arjun,Singh,2003-10-12,"639, Indiranagar, Bangalore",CIF285678
Arjun,Patel,1975-08-03,"262, Brigade Road, Hyderabad",CIF980742
Arjun,Verma,1982-04-02,"382, Brigade Road, Mumbai",CIF517425
Arjun,Nair,2002-06-27,"703, BTM Layout, Chennai",CIF478897
Vivaan,Mehta,1977-04-02,"87, Whitefield, Chennai",CIF364150
Vihaan,Mehta,2005-03-10,"251, BTM Layout, Bangalore",CIF845049
Ishaan,Gupta,1986-04-04,"451, Brigade Road, Delhi",CIF853973
Vihaan,Reddy,1976-01-02,"203, Brigade Road, Delhi",CIF127434
Reyansh,Singh,1988-12-31,"92, BTM Layout, Chennai",CIF368216
Krishna,Verma,1989-01-15,"725, BTM Layout, Hyderabad",CIF781437
Aditya,Reddy,2000-08-18,"623, Indiranagar, Hyderabad",CIF311704
Vihaan,Iyer,1976-05-28,"218, Whitefield, Chennai",CIF341191
Sai,Sharma,1997-12-31,"899, BTM Layout, Bangalore",CIF720630
Aarav,Nair,1983-08-13,"732, BTM Layout, Hyderabad",CIF889432
Rohan,Reddy,1988-03-18,"64, BTM Layout, Bangalore",CIF328267
Vivaan,Gupta,2003-09-09,"33, Indiranagar, Hyderabad",CIF498369
Ishaan,Sharma,1999-04-16,"230, MG Road, Mumbai",CIF641868
Vivaan,Verma,1973-06-14,"919, Indiranagar, Mumbai",CIF409564
Aditya,Iyer,1972-11-16,"344, BTM Layout, Chennai",CIF408499
Aditya,Iyer,1994-12-18,"215, Brigade Road, Hyderabad",CIF774737
Arjun,Iyer,2000-10-04,"452, HSR Layout, Chennai",CIF705302
Vihaan,Mehta,1973-01-11,"608, HSR Layout, Delhi",CIF601441
Reyansh,Das,1997-02-21,"782, MG Road, Delhi",CIF555642
Ishaan,Nair,1975-06-25,"532, HSR Layout, Delhi",CIF131761
Aditya,Singh,1982-02-07,"816, Indiranagar, Bangalore",CIF840106
Vivaan,Singh,2005-03-10,"46, Whitefield, Hyderabad",CIF357104
Aarav,Reddy,1991-05-10,"416, Indiranagar, Mumbai",CIF220088
Reyansh,Das,1971-05-10,"349, MG Road, Bangalore",CIF861927
Arjun,Singh,1990-07-10,"570, Whitefield, Chennai",CIF163519
Vihaan,Sharma,1970-01-24,"751, BTM Layout, Hyderabad",CIF146983
Vivaan,Sharma,1996-12-16,"261, Indiranagar, Chennai",CIF104770
Arjun,Reddy,1990-10-15,"490, BTM Layout, Mumbai",CIF971330
Krishna,Patel,1981-01-25,"988, BTM Layout, Delhi",CIF392694
Vihaan,Sharma,1972-04-06,"847, BTM Layout, Mumbai",CIF832762
Rohan,Singh,1978-03-05,"676, MG Road, Hyderabad",CIF411416
Rohan,Nair,1990-01-18,"389, BTM Layout, Chennai",CIF196850
Vihaan,Reddy,1984-10-23,"106, BTM Layout, Chennai",CIF269590
Arjun,Das,1972-01-18,"71, Indiranagar, Mumbai",CIF946189
Vivaan,Nair,1993-11-22,"634, BTM Layout, Mumbai",CIF335341
Ishaan,Patel,1971-12-04,"806, HSR Layout, Chennai",CIF919160
Krishna,Reddy,1995-06-21,"268, Whitefield, Bangalore",CIF355476
Krishna,Nair,1973-03-22,"399, BTM Layout, Chennai",CIF554867
Krishna,Patel,1986-12-20,"744, Whitefield, Delhi",CIF507576
Ishaan,Patel,1997-05-12,"929, Brigade Road, Mumbai",CIF431939
Vivaan,Sharma,1980-03-29,"256, Indiranagar, Hyderabad",CIF606831
Arjun,Iyer,1979-07-18,"800, Whitefield, Hyderabad",CIF168240
Aarav,Sharma,1995-11-28,"97, MG Road, Hyderabad",CIF152862
Aarav,Reddy,1992-12-02,"236, MG Road, Mumbai",CIF191081
Aarav,Gupta,1984-11-01,"954, HSR Layout, Hyderabad",CIF577364
Vihaan,Mehta,1974-01-21,"384, Whitefield, Bangalore",CIF915006
Reyansh,Gupta,1987-07-01,"945, Brigade Road, Delhi",CIF180970
Sai,Reddy,1987-07-03,"288, Indiranagar, Delhi",CIF463138
Aarav,Das,1982-12-28,"469, MG Road, Hyderabad",CIF980887
Krishna,Reddy,1970-08-12,"262, MG Road, Delhi",CIF713383
Arjun,Patel,1976-05-06,"465, Whitefield, Bangalore",CIF984214
Krishna,Reddy,2004-01-10,"679, Indiranagar, Mumbai",CIF471665
Vivaan,Reddy,1992-07-27,"54, MG Road, Bangalore",CIF535972
Aditya,Reddy,1976-07-08,"296, MG Road, Chennai",CIF863887
Vihaan,Reddy,1987-05-03,"521, BTM Layout, Mumbai",CIF545597
Sai,Singh,1975-09-29,"546, MG Road, Mumbai",CIF173212
Rohan,Gupta,1991-11-13,"544, HSR Layout, Delhi",CIF231784
Vivaan,Mehta,1986-02-19,"865, HSR Layout, Chennai",CIF627603
Vihaan,Singh,2002-10-19,"823, MG Road, Mumbai",CIF305190
Vihaan,Verma,2002-06-29,"81, Whitefield, Hyderabad",CIF640004
Ishaan,Gupta,1991-12-04,"928, MG Road, Bangalore",CIF947041
Krishna,Mehta,1975-04-19,"707, Whitefield, Delhi",CIF164112
Vihaan,Mehta,1999-11-24,"348, Brigade Road, Mumbai",CIF469905
Aarav,Gupta,2002-09-27,"667, Brigade Road, Delhi",CIF229162
Sai,Reddy,1981-09-26,"12, Brigade Road, Hyderabad",CIF680161
Aarav,Reddy,1992-11-09,"473, Brigade Road, Hyderabad",CIF553789
Reyansh,Sharma,1989-02-04,"838, Whitefield, Delhi",CIF247114
Vivaan,Mehta,1991-11-14,"618, MG Road, Chennai",CIF327089
Aditya,Verma,2002-11-04,"605, Indiranagar, Mumbai",CIF758855
Rohan,Nair,1986-01-07,"473, MG Road, Chennai",CIF431496
Aarav,Das,1995-04-30,"247, MG Road, Hyderabad",CIF670712
Vivaan,Mehta,1989-08-08,"55, Whitefield, Bangalore",CIF468775
Aditya,Sharma,2004-07-26,"55, HSR Layout, Mumbai",CIF539569
Aarav,Reddy,2002-03-26,"772, HSR Layout, Hyderabad",CIF611508
Ishaan,Reddy,2001-07-16,"15, Whitefield, Bangalore",CIF412294
Reyansh,Patel,1979-02-06,"557, BTM Layout, Bangalore",CIF119895
Arjun,Reddy,1990-03-14,"378, Brigade Road, Delhi",CIF909410
Krishna,Mehta,2003-06-10,"688, Indiranagar, Delhi",CIF666727
Reyansh,Gupta,1983-12-02,"676, HSR Layout, Hyderabad",CIF562620
